{
  "properties": {
    "connectionReferences": {
      "shared_commondataserviceforapps": {
        "runtimeSource": "embedded",
        "connection": {
          "connectionReferenceLogicalName": "sgp_sharedcommondataserviceforapps_4d214"
        },
        "api": {
          "name": "shared_commondataserviceforapps"
        }
      },
      "shared_teams": {
        "runtimeSource": "invoker",
        "connection": {
          "connectionReferenceLogicalName": "sgp_sharedteams_9e0ec"
        },
        "api": {
          "name": "shared_teams"
        }
      }
    },
    "definition": {
      "$schema": "https://schema.management.azure.com/providers/Microsoft.Logic/schemas/2016-06-01/workflowdefinition.json#",
      "contentVersion": "1.0.0.0",
      "parameters": {
        "$connections": {
          "defaultValue": {},
          "type": "Object"
        },
        "$authentication": {
          "defaultValue": {},
          "type": "SecureObject"
        }
      },
      "triggers": {
        "manual": {
          "metadata": {
            "operationMetadataId": "bb138f5b-4b29-4bec-806b-765acba89ac9"
          },
          "type": "Request",
          "kind": "Button",
          "inputs": {
            "schema": {
              "type": "object",
              "properties": {
                "text": {
                  "title": "Department Name",
                  "type": "string",
                  "x-ms-dynamically-added": true,
                  "description": "Enter Department Name:",
                  "x-ms-content-hint": "TEXT"
                },
                "text_1": {
                  "title": "Location",
                  "type": "string",
                  "x-ms-dynamically-added": true,
                  "description": "Enter Location of the Department:",
                  "x-ms-content-hint": "TEXT"
                }
              },
              "required": [
                "text",
                "text_1"
              ]
            }
          }
        }
      },
      "actions": {
        "Add_a_new_row": {
          "runAfter": {},
          "metadata": {
            "operationMetadataId": "868a87c6-1604-4bfc-9ce5-6d292605bc74"
          },
          "type": "OpenApiConnection",
          "inputs": {
            "host": {
              "connectionName": "shared_commondataserviceforapps",
              "operationId": "CreateRecord",
              "apiId": "/providers/Microsoft.PowerApps/apis/shared_commondataserviceforapps"
            },
            "parameters": {
              "entityName": "sgp_departments",
              "item/sgp_departmentname": "@triggerBody()['text']",
              "item/sgp_location": "@triggerBody()['text_1']"
            },
            "authentication": {
              "type": "Raw",
              "value": "@json(decodeBase64(triggerOutputs().headers['X-MS-APIM-Tokens']))['$ConnectionKey']"
            }
          }
        },
        "Post_message_in_a_chat_or_channel": {
          "runAfter": {
            "Add_a_new_row": [
              "Succeeded"
            ]
          },
          "metadata": {
            "operationMetadataId": "c4ba108a-686a-41ce-9ca9-e3ac252084c4"
          },
          "type": "OpenApiConnection",
          "inputs": {
            "host": {
              "connectionName": "shared_teams",
              "operationId": "PostMessageToConversation",
              "apiId": "/providers/Microsoft.PowerApps/apis/shared_teams"
            },
            "parameters": {
              "poster": "Flow bot",
              "location": "Channel",
              "body/recipient/groupId": "09d4e646-2258-457f-a71d-49e0afe273cf",
              "body/recipient/channelId": "19:fw78nW_SG2xuZ0dmcNB1j5XsVWuvmIhkYJWrXMK5Wu81@thread.tacv2",
              "body/messageBody": "<p>This is to inform a new department has been added:<br>\n<br>\nDepartment Name: @{outputs('Add_a_new_row')?['body/sgp_departmentname']}<br>\nDepartment Location: @{outputs('Add_a_new_row')?['body/sgp_location']}<br>\n<br>\nDepartment Id: @{outputs('Add_a_new_row')?['body/sgp_departmentid']}<br>\n</p>"
            },
            "authentication": {
              "type": "Raw",
              "value": "@json(decodeBase64(triggerOutputs().headers['X-MS-APIM-Tokens']))['$ConnectionKey']"
            }
          }
        }
      }
    },
    "templateName": null
  },
  "schemaVersion": "1.0.0.0"
}