{
  "properties": {
    "connectionReferences": {
      "shared_office365": {
        "runtimeSource": "embedded",
        "connection": {
          "connectionReferenceLogicalName": "sgp_sharedoffice365_b3ffa"
        },
        "api": {
          "name": "shared_office365"
        }
      },
      "shared_commondataserviceforapps": {
        "runtimeSource": "embedded",
        "connection": {
          "connectionReferenceLogicalName": "sgp_sharedcommondataserviceforapps_4d214"
        },
        "api": {
          "name": "shared_commondataserviceforapps"
        }
      }
    },
    "definition": {
      "$schema": "https://schema.management.azure.com/providers/Microsoft.Logic/schemas/2016-06-01/workflowdefinition.json#",
      "contentVersion": "1.0.0.0",
      "parameters": {
        "$connections": {
          "defaultValue": {},
          "type": "Object"
        },
        "$authentication": {
          "defaultValue": {},
          "type": "SecureObject"
        }
      },
      "triggers": {
        "When_a_new_email_arrives_(V3)": {
          "splitOn": "@triggerOutputs()?['body/value']",
          "metadata": {
            "operationMetadataId": "3bdd9673-a563-480d-a054-0c995ab0db29"
          },
          "type": "OpenApiConnectionNotification",
          "inputs": {
            "host": {
              "connectionName": "shared_office365",
              "operationId": "OnNewEmailV3",
              "apiId": "/providers/Microsoft.PowerApps/apis/shared_office365"
            },
            "parameters": {
              "folderPath": "Inbox",
              "includeAttachments": true,
              "subjectFilter": "New Employee details",
              "importance": "Any",
              "fetchOnlyWithAttachment": true
            },
            "authentication": "@parameters('$authentication')"
          }
        }
      },
      "actions": {
        "Apply_to_each": {
          "foreach": "@triggerOutputs()?['body/attachments']",
          "actions": {
            "Extract_information_from_documents": {
              "runAfter": {},
              "metadata": {
                "operationMetadataId": "c9a55575-9bff-4a15-90bd-024b14754d74"
              },
              "type": "OpenApiConnection",
              "inputs": {
                "host": {
                  "connectionName": "shared_commondataserviceforapps",
                  "operationId": "aibuilderpredict_formsprocessing",
                  "apiId": "/providers/Microsoft.PowerApps/apis/shared_commondataserviceforapps"
                },
                "parameters": {
                  "recordId": "7f5eb28c-01ef-4653-98d4-8263c995bfe0",
                  "item/requestv2/mimeType": "application/pdf",
                  "item/requestv2/base64Encoded": "@items('Apply_to_each')?['contentBytes']"
                },
                "authentication": "@parameters('$authentication')"
              }
            },
            "Add_a_new_row": {
              "runAfter": {
                "Extract_information_from_documents": [
                  "Succeeded"
                ]
              },
              "metadata": {
                "operationMetadataId": "aeb5e13a-bf12-4128-b9b6-2cedb64d4d79"
              },
              "type": "OpenApiConnection",
              "inputs": {
                "host": {
                  "connectionName": "shared_commondataserviceforapps",
                  "operationId": "CreateRecord",
                  "apiId": "/providers/Microsoft.PowerApps/apis/shared_commondataserviceforapps"
                },
                "parameters": {
                  "entityName": "sgp_employees",
                  "item/sgp_emailid": "@outputs('Extract_information_from_documents')?['body/responsev2/predictionOutput/labels/Email_002e978dcf4213009de067c752cd499775/value']",
                  "item/sgp_name": "@outputs('Extract_information_from_documents')?['body/responsev2/predictionOutput/labels/Employeea26716398fb75fe0cdbc7c03f4a436ed/value']",
                  "item/sgp_salary": 5000
                },
                "authentication": "@parameters('$authentication')"
              }
            }
          },
          "runAfter": {},
          "metadata": {
            "operationMetadataId": "35a0147a-2a98-42d9-bf76-e4dcc1e09340"
          },
          "type": "Foreach"
        }
      }
    },
    "templateName": null
  },
  "schemaVersion": "1.0.0.0"
}