{
  "properties": {
    "connectionReferences": {
      "shared_commondataserviceforapps": {
        "runtimeSource": "embedded",
        "connection": {
          "connectionReferenceLogicalName": "sgp_sharedcommondataserviceforapps_4d214"
        },
        "api": {
          "name": "shared_commondataserviceforapps"
        }
      },
      "shared_office365": {
        "runtimeSource": "embedded",
        "connection": {
          "connectionReferenceLogicalName": "sgp_sharedoffice365_b3ffa"
        },
        "api": {
          "name": "shared_office365"
        }
      }
    },
    "definition": {
      "$schema": "https://schema.management.azure.com/providers/Microsoft.Logic/schemas/2016-06-01/workflowdefinition.json#",
      "contentVersion": "1.0.0.0",
      "parameters": {
        "$connections": {
          "defaultValue": {},
          "type": "Object"
        },
        "$authentication": {
          "defaultValue": {},
          "type": "SecureObject"
        }
      },
      "triggers": {
        "When_an_new_employee_joins": {
          "metadata": {
            "operationMetadataId": "eb718ad3-8574-47c6-820b-47ce3271cc0a"
          },
          "type": "OpenApiConnectionWebhook",
          "inputs": {
            "host": {
              "connectionName": "shared_commondataserviceforapps",
              "operationId": "SubscribeWebhookTrigger",
              "apiId": "/providers/Microsoft.PowerApps/apis/shared_commondataserviceforapps"
            },
            "parameters": {
              "subscriptionRequest/message": 1,
              "subscriptionRequest/entityname": "sgp_employee",
              "subscriptionRequest/scope": 4
            },
            "authentication": "@parameters('$authentication')"
          }
        }
      },
      "actions": {
        "Send_Notification_mail_to_employee": {
          "runAfter": {},
          "metadata": {
            "operationMetadataId": "9dea2295-aa60-464e-b06b-4bab988bc5ca"
          },
          "type": "OpenApiConnection",
          "inputs": {
            "host": {
              "connectionName": "shared_office365",
              "operationId": "SendEmailV2",
              "apiId": "/providers/Microsoft.PowerApps/apis/shared_office365"
            },
            "parameters": {
              "emailMessage/To": "admin@M365x88616375.onmicrosoft.com",
              "emailMessage/Subject": "New Employee entry",
              "emailMessage/Body": "<p>Hi,<br>\nNew Employee has joined, Details are:<br>\nName:  @{triggerOutputs()?['body/sgp_name']}<br>\nEmail ID: &nbsp;@{triggerOutputs()?['body/sgp_emailid']}<br>\nDepartment: @{triggerOutputs()?['body/_sgp_department_value']}<br>\n<br>\n</p>",
              "emailMessage/Importance": "Normal"
            },
            "authentication": "@parameters('$authentication')"
          }
        },
        "Send_welcome_mail": {
          "runAfter": {
            "Send_Notification_mail_to_employee": [
              "Succeeded"
            ]
          },
          "metadata": {
            "operationMetadataId": "84a05736-3185-4c78-ab22-c35ad05e5abc"
          },
          "type": "OpenApiConnection",
          "inputs": {
            "host": {
              "connectionName": "shared_office365",
              "operationId": "SendEmailV2",
              "apiId": "/providers/Microsoft.PowerApps/apis/shared_office365"
            },
            "parameters": {
              "emailMessage/To": "@triggerOutputs()?['body/sgp_emailid']",
              "emailMessage/Subject": "Welcome to Orgnisation",
              "emailMessage/Body": "<p>Hello @{triggerOutputs()?['body/sgp_name']},<br>\n<br>\nA very warm welcome to our organisation.<br>\n<br>\nThanks<br>\n</p>",
              "emailMessage/Importance": "Normal"
            },
            "authentication": "@parameters('$authentication')"
          }
        }
      }
    },
    "templateName": null
  },
  "schemaVersion": "1.0.0.0"
}